 	restType,restCode,restName,menuName,menuPrice,restLoca,restDis
jp,JP_R001,스시스토리,"모듬초밥(10p),우동",10000,경기도 안양시 만안구 장내로 151,1.1
jp,JP_R001,스시스토리,"초새우초밥(10p),우동",9500,경기도 안양시 만안구 장내로 151,1.1
jp,JP_R001,스시스토리,"생새우초밥(10p),우동",10000,경기도 안양시 만안구 장내로 151,1.1
jp,JP_R001,스시스토리,"유부초밥(10p),우동",8500,경기도 안양시 만안구 장내로 151,1.1
jp,JP_R001,스시스토리,"계란초밥(10p),우동",9000,경기도 안양시 만안구 장내로 151,1.1
jp,JP_R001,스시스토리,"연어초밥(10p),우동",16000,경기도 안양시 만안구 장내로 151,1.1
jp,JP_R001,스시스토리,"광어초밥(10p),우동",16000,경기도 안양시 만안구 장내로 151,1.1
jp,JP_R001,스시스토리,"장어초밥(10p),우동",16000,경기도 안양시 만안구 장내로 151,1.1
jp,JP_R002,이찌방 수제돈카츠&라멘,수제카츠,13000,경기도 안양시 만안구 장내로 150 105호,1.1
jp,JP_R002,이찌방 수제돈카츠&라멘,매운돈코츠라멘,12000,경기도 안양시 만안구 장내로 150 105호,1.1
jp,JP_R002,이찌방 수제돈카츠&라멘,마제소바(마제면),11000,경기도 안양시 만안구 장내로 150 105호,1.1
jp,JP_R002,이찌방 수제돈카츠&라멘,규동(소불고기덮밥),12000,경기도 안양시 만안구 장내로 150 105호,1.1
jp,JP_R002,이찌방 수제돈카츠&라멘,나가사키라멘,12000,경기도 안양시 만안구 장내로 150 105호,1.1
jp,JP_R002,이찌방 수제돈카츠&라멘,등심카츠,11000,경기도 안양시 만안구 장내로 150 105호,1.1
jp,JP_R002,이찌방 수제돈카츠&라멘,안심카츠,12000,경기도 안양시 만안구 장내로 150 105호,1.1
jp,JP_R002,이찌방 수제돈카츠&라멘,치즈카츠,12000,경기도 안양시 만안구 장내로 150 105호,1.1
jp,JP_R003,낭만식당 안양일번가점,믹스동,14000,경기 안양시 만안구 장내로 151 1층,1.1
jp,JP_R003,낭만식당 안양일번가점,마제면,11000,경기 안양시 만안구 장내로 151 1층,1.1
jp,JP_R003,낭만식당 안양일번가점,장어덮밥,15000,경기 안양시 만안구 장내로 151 1층,1.1
jp,JP_R003,낭만식당 안양일번가점,간장새우덮밥,11000,경기 안양시 만안구 장내로 151 1층,1.1
jp,JP_R003,낭만식당 안양일번가점,사케동,13000,경기 안양시 만안구 장내로 151 1층,1.1
jp,JP_R004,저스트텐동 안양일번가점,스페셜 텐동,16900,경기 안양시 만안구 안양로314번길 10,1.1
jp,JP_R004,저스트텐동 안양일번가점,연어 텐동,16900,경기 안양시 만안구 안양로314번길 10,1.1
jp,JP_R004,저스트텐동 안양일번가점,야끼토리 텐동,14900,경기 안양시 만안구 안양로314번길 10,1.1
jp,JP_R004,저스트텐동 안양일번가점,빅토리 텐동,15900,경기 안양시 만안구 안양로314번길 10,1.1
jp,JP_R004,저스트텐동 안양일번가점,저스트 텐동,11900,경기 안양시 만안구 안양로314번길 10,1.1
jp,JP_R005,99왕돈까스 안양직영점,왕돈까스,10900,경기 안양시 만안구 만안로 244 7층,1.2
jp,JP_R005,99왕돈까스 안양직영점,매운왕돈까스,11900,경기 안양시 만안구 만안로 244 7층,1.2
jp,JP_R005,99왕돈까스 안양직영점,치즈왕돈까스,13900,경기 안양시 만안구 만안로 244 7층,1.2
jp,JP_R005,99왕돈까스 안양직영점,어묵우동,6900,경기 안양시 만안구 만안로 244 7층,1.2
jp,JP_R005,99왕돈까스 안양직영점,냉모밀,6900,경기 안양시 만안구 만안로 244 7층,1.2
as,AS_R001,홍호아,양지쌀국수,9000,경기 안양시 만안구 만안로 244 엔터식스안양점 7층,1.2
as,AS_R001,홍호아,차돌쌀국수,12000,경기 안양시 만안구 만안로 244 엔터식스안양점 7층,1.2
as,AS_R001,홍호아,분짜,14000,경기 안양시 만안구 만안로 244 엔터식스안양점 7층,1.2
as,AS_R001,홍호아,껌승,9800,경기 안양시 만안구 만안로 244 엔터식스안양점 7층,1.2
as,AS_R001,홍호아,껌가,9800,경기 안양시 만안구 만안로 244 엔터식스안양점 7층,1.2
as,AS_R002,타이마실,뿌팟봉커리(소프트크랩),23000,경기 안양시 만안구 양화로72번길 83-25 1층,1.6
as,AS_R002,타이마실,팟타이 꿍(볶음쌀국수),12000,경기 안양시 만안구 양화로72번길 83-25 1층,1.6
as,AS_R002,타이마실,똠양꿍,14000,경기 안양시 만안구 양화로72번길 83-25 1층,1.6
as,AS_R002,타이마실,쏨땀(파파야샐러드),10000,경기 안양시 만안구 양화로72번길 83-25 1층,1.6
ff,FF_R001,프랭크버거 안양중앙점,프랭크버거,3900,경기 안양시 만안구 병목안로 5 1층102호 프랭크버거,1.6
ff,FF_R001,프랭크버거 안양중앙점,쉬림프버거,4300,경기 안양시 만안구 병목안로 5 1층102호 프랭크버거,1.6
ff,FF_R001,프랭크버거 안양중앙점,치즈버거세트,9400,경기 안양시 만안구 병목안로 5 1층102호 프랭크버거,1.6
ff,FF_R001,프랭크버거 안양중앙점,베이컨치즈버거세트,10800,경기 안양시 만안구 병목안로 5 1층102호 프랭크버거,1.6
ff,FF_R002,카페인타코 안양점,타코야끼,4000,경기 안양시 만안구 만안로 208-1,1.2
ff,FF_R003,이삭토스트 안양역점,콘치즈 토스트,4600,경기 안양시 만안구 만안로 208-1,1
ff,FF_R003,이삭토스트 안양역점,그릴드 불갈비 토스트,4900,경기 안양시 만안구 만안로 208-1,1
ff,FF_R003,이삭토스트 안양역점,햄 스페셜 토스트,3800,경기 안양시 만안구 만안로 208-1,1
ff,FF_R003,이삭토스트 안양역점,베이컨 베스트 토스트,4200,경기 안양시 만안구 만안로 208-1,1
ff,FF_R003,이삭토스트 안양역점,베이컨 포테이토 피자 토스트,5400,경기 안양시 만안구 만안로 208-1,1
ff,FF_R004,봉구스밥버거 안양1호점,햄치즈 밥버거,4500,경기 안양시 만안구 안양로257번길 8,1.5
ff,FF_R004,봉구스밥버거 안양1호점,치킨마요 밥버거,4400,경기 안양시 만안구 안양로257번길 8,1.5
ff,FF_R004,봉구스밥버거 안양1호점,봉구킹 밥버거,6500,경기 안양시 만안구 안양로257번길 8,1.5
ff,FF_R004,봉구스밥버거 안양1호점,치즈제육 밥버거,4700,경기 안양시 만안구 안양로257번길 8,1.5
ff,FF_R005,맘스터치 안양1번가점,싸이버거 세트,6900,경기 안양시 만안구 안양로304번길 4,1.4
ff,FF_R005,맘스터치 안양1번가점,딥치즈버거 세트,7400,경기 안양시 만안구 안양로304번길 4,1.4
ff,FF_R005,맘스터치 안양1번가점,화이트갈릭싸이버거 세트,7500,경기 안양시 만안구 안양로304번길 4,1.4
ff,FF_R005,맘스터치 안양1번가점,할라피뇨통살버거 세트,7100,경기 안양시 만안구 안양로304번길 4,1.4
ff,FF_R006,써브웨이 안양1번가점,이탈리안 비엠티 샌드위치,9300,경기 안양시 만안구 만안로223번길 7,1.3
ff,FF_R006,써브웨이 안양1번가점,에그마요 샌드위치,8100,경기 안양시 만안구 만안로223번길 7,1.3
ff,FF_R006,써브웨이 안양1번가점,스테이크 앤 치즈 샌드위치,10500,경기 안양시 만안구 만안로223번길 7,1.3
ff,FF_R006,써브웨이 안양1번가점,풀드포크 바비큐 샌드위치,9800,경기 안양시 만안구 만안로223번길 7,1.3
ff,FF_R006,써브웨이 안양1번가점,로티세리 바비큐 샌드위치,9900,경기 안양시 만안구 만안로223번길 7,1.3
kr,KR_R001,문숙이 미나리 식당,고추장불고기정식,8900,경기 안양시 만안구 만안로 251 1층,1.2
kr,KR_R001,문숙이 미나리 식당,간장불고기정식,8900,경기 안양시 만안구 만안로 251 1층,1.2
kr,KR_R001,문숙이 미나리 식당,간장보쌈정식,10900,경기 안양시 만안구 만안로 251 1층,1.2
kr,KR_R001,문숙이 미나리 식당,김치찌개 정식,7900,경기 안양시 만안구 만안로 251 1층,1.2
kr,KR_R001,문숙이 미나리 식당,고등어구이 정식,10900,경기 안양시 만안구 만안로 251 1층,1.2
kr,KR_R001,문숙이 미나리 식당,간장보쌈,20000,경기 안양시 만안구 만안로 251 1층,1.2
kr,KR_R001,문숙이 미나리 식당,골뱅이소면,20000,경기 안양시 만안구 만안로 251 1층,1.2
kr,KR_R001,문숙이 미나리 식당,오뎅탕,18000,경기 안양시 만안구 만안로 251 1층,1.2
kr,KR_R001,문숙이 미나리 식당,순살닭볶음탕정식,10900,경기 안양시 만안구 만안로 251 1층,1.2
kr,KR_R001,문숙이 미나리 식당,순살찜닭정식,10900,경기 안양시 만안구 만안로 251 1층,1.2
kr,KR_R001,문숙이 미나리 식당,우삼겹된장찌개정식,8500,경기 안양시 만안구 만안로 251 1층,1.2
kr,KR_R002,유가네 닭갈비,숯불닭갈비,10500,경기 안양시 만안구 안양로304번길 18,1.2
kr,KR_R002,유가네 닭갈비,유가네닭갈비,9000,경기 안양시 만안구 안양로304번길 18,1.2
kr,KR_R002,유가네 닭갈비,치즈퐁닭,23000,경기 안양시 만안구 안양로304번길 18,1.2
kr,KR_R002,유가네 닭갈비,닭갈비 철판 볶음밥,6000,경기 안양시 만안구 안양로304번길 18,1.2
kr,KR_R002,유가네 닭갈비,갈릭철판볶음밥,7000,경기 안양시 만안구 안양로304번길 18,1.2
kr,KR_R002,유가네 닭갈비,반반 닭갈비,23000,경기 안양시 만안구 안양로304번길 18,1.2
kr,KR_R002,유가네 닭갈비,낙지닭갈비,10000,경기 안양시 만안구 안양로304번길 18,1.2
kr,KR_R002,유가네 닭갈비,쭈닭갈비,10000,경기 안양시 만안구 안양로304번길 18,1.2
kr,KR_R002,유가네 닭갈비,미소허니닭갈비,10000,경기 안양시 만안구 안양로304번길 18,1.2
kr,KR_R003,칼먹은 삼겹살,냉면,5000,경기 안양시 만안구 장내로139번길 53 2층,1.2
kr,KR_R003,칼먹은 삼겹살,계란찜,4000,경기 안양시 만안구 장내로139번길 53 2층,1.2
kr,KR_R004,짚신 매운 갈비찜,매운돼지갈비찜,14000,경기 안양시 만안구 안양로292번길 33,1.2
kr,KR_R004,짚신 매운 갈비찜,매운소갈비찜,18000,경기 안양시 만안구 안양로292번길 33,1.2
kr,KR_R004,짚신 매운 갈비찜,짚신국밥,8500,경기 안양시 만안구 안양로292번길 33,1.2
kr,KR_R004,짚신 매운 갈비찜,국물간장돼지갈비찜,14000,경기 안양시 만안구 안양로292번길 33,1.2
kr,KR_R004,짚신 매운 갈비찜,국물간장소갈비찜,18000,경기 안양시 만안구 안양로292번길 33,1.2
kr,KR_R004,짚신 매운 갈비찜,떡갈비,10000,경기 안양시 만안구 안양로292번길 33,1.2
kr,KR_R005,육쌈냉면,육회냉면,12000,경기 안양시 만안구 안양로304번길 15,1.2
kr,KR_R005,육쌈냉면,물냉면,9500,경기 안양시 만안구 안양로304번길 15,1.2
kr,KR_R005,육쌈냉면,육회비빔밥,12000,경기 안양시 만안구 안양로304번길 15,1.2
kr,KR_R005,육쌈냉면,비빔냉면,9500,경기 안양시 만안구 안양로304번길 15,1.2
kr,KR_R005,육쌈냉면,비빔밥,9500,경기 안양시 만안구 안양로304번길 15,1.2
kr,KR_R006,백채김치찌개,김치찌개,9000,경기 안양시 만안구 장내로139번길 35,1.2
kr,KR_R006,백채김치찌개,달걀말이,7000,경기 안양시 만안구 장내로139번길 35,1.2
kr,KR_R006,백채김치찌개,치즈달걀말이,8000,경기 안양시 만안구 장내로139번길 35,1.2
kr,KR_R006,백채김치찌개,반반냉면,6900,경기 안양시 만안구 장내로139번길 35,1.2
kr,KR_R006,백채김치찌개,상추열무비빔밥,6900,경기 안양시 만안구 장내로139번길 35,1.2
kr,KR_R007,달빛육회,참기름육회,16000,경기 안양시 만안구 장내로143번길 15 1층,1.2
kr,KR_R007,달빛육회,육사시미,22000,경기 안양시 만안구 장내로143번길 15 1층,1.2
kr,KR_R007,달빛육회,고추장야채육회,16000,경기 안양시 만안구 장내로143번길 15 1층,1.2
kr,KR_R007,달빛육회,데리야끼육회,16000,경기 안양시 만안구 장내로143번길 15 1층,1.2
kr,KR_R007,달빛육회,육회물회,22000,경기 안양시 만안구 장내로143번길 15 1층,1.2
kr,KR_R007,달빛육회,육회비빔밥,9000,경기 안양시 만안구 장내로143번길 15 1층,1.2
kr,KR_R007,달빛육회,육회냉면,10000,경기 안양시 만안구 장내로143번길 15 1층,1.2
kr,KR_R007,달빛육회,소고기국밥,9000,경기 안양시 만안구 장내로143번길 15 1층,1.2
kr,KR_R008,한방 전주 콩나물 국밥,콩나물국밥,5500,경기 안양시 만안구 안양로 318,1.2
kr,KR_R008,한방 전주 콩나물 국밥,선지해장국,7500,경기 안양시 만안구 안양로 318,1.2
kr,KR_R008,한방 전주 콩나물 국밥,황태해장국,8000,경기 안양시 만안구 안양로 318,1.2
kr,KR_R008,한방 전주 콩나물 국밥,낙지해장국,7000,경기 안양시 만안구 안양로 318,1.2
kr,KR_R008,한방 전주 콩나물 국밥,돈까스,8000,경기 안양시 만안구 안양로 318,1.2
kr,KR_R008,한방 전주 콩나물 국밥,굴해장국,8000,경기 안양시 만안구 안양로 318,1.2
kr,KR_R008,한방 전주 콩나물 국밥,김치해장국,7000,경기 안양시 만안구 안양로 318,1.2
kr,KR_R008,한방 전주 콩나물 국밥,콩나물 비빔밥,7000,경기 안양시 만안구 안양로 318,1.2
kr,KR_R008,한방 전주 콩나물 국밥,뼈다귀 해장국,8000,경기 안양시 만안구 안양로 318,1.2
kr,KR_R008,한방 전주 콩나물 국밥,해물파전,18000,경기 안양시 만안구 안양로 318,1.2
kr,KR_R009,군자대한곱창,대한모듬곱창,20900,경기 안양시 만안구 장내로149번길 16 1층(안양동),1.2
kr,KR_R009,군자대한곱창,차돌모둠곱창,19900,경기 안양시 만안구 장내로149번길 16 1층(안양동),1.2
kr,KR_R009,군자대한곱창,매운화양대창구이,19900,경기 안양시 만안구 장내로149번길 16 1층(안양동),1.2
kr,KR_R009,군자대한곱창,소대창,17900,경기 안양시 만안구 장내로149번길 16 1층(안양동),1.2
kr,KR_R009,군자대한곱창,양대창볶음밥,14000,경기 안양시 만안구 장내로149번길 16 1층(안양동),1.2
kr,KR_R009,군자대한곱창,곱창뚝배기전골,8900,경기 안양시 만안구 장내로149번길 16 1층(안양동),1.2
kr,KR_R009,군자대한곱창,소곱창,17900,경기 안양시 만안구 장내로149번길 16 1층(안양동),1.2
kr,KR_R009,군자대한곱창,한우소곱창,22900,경기 안양시 만안구 장내로149번길 16 1층(안양동),1.2
kr,KR_R009,군자대한곱창,소막창,17900,경기 안양시 만안구 장내로149번길 16 1층(안양동),1.2
kr,KR_R009,군자대한곱창,특양구이,19900,경기 안양시 만안구 장내로149번길 16 1층(안양동),1.2
kr,KR_R010,가장 맛있는 족발,반반족발(족발불족),39900,경기 안양시 만안구 만안로 215 1층,1.2
kr,KR_R010,가장 맛있는 족발,족보(족발보쌈),40000,경기 안양시 만안구 만안로 215 1층,1.2
kr,KR_R010,가장 맛있는 족발,불족보(불족발보쌈),41000,경기 안양시 만안구 만안로 215 1층,1.2
kr,KR_R010,가장 맛있는 족발,뒷 족발,34000,경기 안양시 만안구 만안로 215 1층,1.2
kr,KR_R010,가장 맛있는 족발,앞 족발,38000,경기 안양시 만안구 만안로 215 1층,1.2
kr,KR_R010,가장 맛있는 족발,보쌈,38000,경기 안양시 만안구 만안로 215 1층,1.2
kr,KR_R010,가장 맛있는 족발,직화불족발,37000,경기 안양시 만안구 만안로 215 1층,1.2
kr,KR_R010,가장 맛있는 족발,냉채족발,40000,경기 안양시 만안구 만안로 215 1층,1.2
kr,KR_R011,울릉도 오징어 보쌈,오징어보쌈,13000,경기 안양시 만안구 안양로304번길 20 1층,1.2
kr,KR_R011,울릉도 오징어 보쌈,섞어찌게,6000,경기 안양시 만안구 안양로304번길 20 1층,1.2
kr,KR_R011,울릉도 오징어 보쌈,오징어순대,13000,경기 안양시 만안구 안양로304번길 20 1층,1.2
kr,KR_R012,안양정가삼계탕,삼계탕,16000,경기 안양시 만안구 안양로304번길 35,1.2
kr,KR_R012,안양정가삼계탕,닭볶음탕,35000,경기 안양시 만안구 안양로304번길 35,1.2
kr,KR_R012,안양정가삼계탕,닭똥집,15000,경기 안양시 만안구 안양로304번길 35,1.2
kr,KR_R013,큰맘할매순대국,큰맘양선지해장국,10000,경기 안양시 만안구 만안로223번길 5,1.2
kr,KR_R013,큰맘할매순대국,큰맘순대국,9000,경기 안양시 만안구 만안로223번길 5,1.2
kr,KR_R013,큰맘할매순대국,김치순대국,9000,경기 안양시 만안구 만안로223번길 5,1.2
kr,KR_R013,큰맘할매순대국,순대국,8000,경기 안양시 만안구 만안로223번길 5,1.2
kr,KR_R013,큰맘할매순대국,소뼈맑은 해장국,11000,경기 안양시 만안구 만안로223번길 5,1.2
kr,KR_R013,큰맘할매순대국,순대모듬수육,23000,경기 안양시 만안구 만안로223번길 5,1.2
kr,KR_R013,큰맘할매순대국,뚝배기돼지불고기,8000,경기 안양시 만안구 만안로223번길 5,1.2
kr,KR_R013,큰맘할매순대국,매콤뚝배기돼지불고기,8000,경기 안양시 만안구 만안로223번길 5,1.2
kr,KR_R014,일번가 곱창구이,곱창,21000,경기 안양시 만안구 장내로139번길 56-9,1.2
kr,KR_R014,일번가 곱창구이,대창구이,21000,경기 안양시 만안구 장내로139번길 56-9,1.2
kr,KR_R014,일번가 곱창구이,곱창모듬구이,20000,경기 안양시 만안구 장내로139번길 56-9,1.2
kr,KR_R014,일번가 곱창구이,막창구이,20000,경기 안양시 만안구 장내로139번길 56-9,1.2
kr,KR_R014,일번가 곱창구이,염통구이,15000,경기 안양시 만안구 장내로139번길 56-9,1.2
kr,KR_R015,화로회관,갈비살,17000,경기 안양시 만안구 만안로 219 지상 1층,1.2
kr,KR_R015,화로회관,껍데기,9000,경기 안양시 만안구 만안로 219 지상 1층,1.2
kr,KR_R015,화로회관,쫀득살,13000,경기 안양시 만안구 만안로 219 지상 1층,1.2
kr,KR_R015,화로회관,오도독살,13000,경기 안양시 만안구 만안로 219 지상 1층,1.2
kr,KR_R015,화로회관,숯불쭈꾸미,13000,경기 안양시 만안구 만안로 219 지상 1층,1.2
kr,KR_R015,화로회관,숯불LA갈비,20000,경기 안양시 만안구 만안로 219 지상 1층,1.2
kr,KR_R015,화로회관,등심덧살,15000,경기 안양시 만안구 만안로 219 지상 1층,1.2
kr,KR_R015,화로회관,삼겹살,15000,경기 안양시 만안구 만안로 219 지상 1층,1.2
kr,KR_R015,화로회관,치마살,15000,경기 안양시 만안구 만안로 219 지상 1층,1.2
kr,KR_R015,화로회관,꼬들목살,15000,경기 안양시 만안구 만안로 219 지상 1층,1.2
cn,CN_R001,유샹하이,상하이찹쌀탕수육-중,23000,경기도 안양시 만안구 안양5동 627-5,1.4
cn,CN_R001,유샹하이,동파육,38000,경기도 안양시 만안구 안양5동 627-5,1.4
cn,CN_R001,유샹하이,삼선짬뽕밥,9000,경기도 안양시 만안구 안양5동 627-5,1.4
cn,CN_R001,유샹하이,굴짬뽕,10000,경기도 안양시 만안구 안양5동 627-5,1.4
cn,CN_R001,유샹하이,전복버터구이,3800,경기도 안양시 만안구 안양5동 627-5,1.4
cn,CN_R002,감성반점,쟁반짜장,7000,경기도 안양시 만안구 안양1동 674-72 2층,1.4
cn,CN_R002,감성반점,깐풍기,18000,경기도 안양시 만안구 안양1동 674-72 2층,1.4
cn,CN_R002,감성반점,매운고추장,7500,경기도 안양시 만안구 안양1동 674-72 2층,1.4
cn,CN_R002,감성반점,해물짬뽕,7500,경기도 안양시 만안구 안양1동 674-72 2층,1.4
cn,CN_R002,감성반점,삼선해물짬뽕,10000,경기도 안양시 만안구 안양1동 674-72 2층,1.4
cn,CN_R003,탕화쿵푸마라탕 안양역점,마라탕,6000,경기도 안양시 만안구 만안로 223,1.4
cn,CN_R003,탕화쿵푸마라탕 안양역점,마라샹궈,12000,경기도 안양시 만안구 만안로 223,1.4
cn,CN_R003,탕화쿵푸마라탕 안양역점,꿔바우러우,9900,경기도 안양시 만안구 만안로 223,1.4
cn,CN_R004,차오차오,깐쇼새우정식,7000,경기도 안양시 만안구 안양동 627-28,1.4
cn,CN_R004,차오차오,깐풍기정식,7000,경기도 안양시 만안구 안양동 627-28,1.4
cn,CN_R004,차오차오,마파두부밥,6000,경기도 안양시 만안구 안양동 627-28,1.4
cn,CN_R004,차오차오,잡채밥,5000,경기도 안양시 만안구 안양동 627-28,1.4
cn,CN_R004,차오차오,육개장,6000,경기도 안양시 만안구 안양동 627-28,1.4
cn,CN_R005,일랑,송이밥,8000,경기도 안양시 만안구 안양1동 622-330,1.4
cn,CN_R005,일랑,라조육,30000,경기도 안양시 만안구 안양1동 622-330,1.4
cn,CN_R005,일랑,팔보채,35000,경기도 안양시 만안구 안양1동 622-330,1.4
cn,CN_R005,일랑,팡진탕면,9000,경기도 안양시 만안구 안양1동 622-330,1.4
cn,CN_R005,일랑,쇠고기탕수육,30000,경기도 안양시 만안구 안양1동 622-330,1.4
cn,CN_R006,춘장,매운짜장,7500,경기도 안양시 만안구 안양1동 674-81,1.4
cn,CN_R006,춘장,짬짜면,7000,경기도 안양시 만안구 안양1동 674-81,1.4
cn,CN_R006,춘장,레몬크림새우,23000,경기도 안양시 만안구 안양1동 674-81,1.4
cn,CN_R006,춘장,해물누룽지탕,26000,경기도 안양시 만안구 안양1동 674-81,1.4
cn,CN_R006,춘장,꿔바로우식찹쌀탕수육,17000,경기도 안양시 만안구 안양1동 674-81,1.4
cn,CN_R007,뮬란 2001,탕수육볶음밥,5900,경기도 안양시 만안구 안양동 627-287 ,1.4
cn,CN_R007,뮬란 2001,양송이덮밥,6500,경기도 안양시 만안구 안양동 627-287 ,1.4
cn,CN_R007,뮬란 2001,해물잡탕밥,6900,경기도 안양시 만안구 안양동 627-287 ,1.4
cn,CN_R007,뮬란 2001,짜장면,3900,경기도 안양시 만안구 안양동 627-287 ,1.4
cn,CN_R007,뮬란 2001,짬뽕,4900,경기도 안양시 만안구 안양동 627-287 ,1.4
cn,CN_R008,당가원,차돌박이짬뽕,11000,경기도 안양시 동안구 비산동 550-1 3층,1.4
cn,CN_R008,당가원,콩국수,9000,경기도 안양시 동안구 비산동 550-1 3층,1.4
cn,CN_R008,당가원,양장피,35000,경기도 안양시 동안구 비산동 550-1 3층,1.4
cn,CN_R008,당가원,깐풍육,22000,경기도 안양시 동안구 비산동 550-1 3층,1.4
cn,CN_R008,당가원,볶음밥,9000,경기도 안양시 동안구 비산동 550-1 3층,1.4
cn,CN_R009,짬뽕타운&린다방,고추잡채,25000,경기도 안양시 만안구 안양동 689-180,1.4
cn,CN_R009,짬뽕타운&린다방,짬뽕,8000,경기도 안양시 만안구 안양동 689-180,1.4
cn,CN_R009,짬뽕타운&린다방,차돌짬뽕밥,11500,경기도 안양시 만안구 안양동 689-180,1.4
cn,CN_R009,짬뽕타운&린다방,짜장면,6000,경기도 안양시 만안구 안양동 689-180,1.4
cn,CN_R009,짬뽕타운&린다방,군만두,6000,경기도 안양시 만안구 안양동 689-180,1.4
cn,CN_R010,뚝배기짬뽕 띵호 2호점,라조육덮밥,9000,경기도 안양시 만안구 안양동 707-25,1.4
cn,CN_R010,뚝배기짬뽕 띵호 2호점,누룽지탕,22000,경기도 안양시 만안구 안양동 707-25,1.4
cn,CN_R010,뚝배기짬뽕 띵호 2호점,유산슬,30000,경기도 안양시 만안구 안양동 707-25,1.4
cn,CN_R010,뚝배기짬뽕 띵호 2호점,칠리새우,25000,경기도 안양시 만안구 안양동 707-25,1.4
cn,CN_R010,뚝배기짬뽕 띵호 2호점,오징어덮밥,8000,경기도 안양시 만안구 안양동 707-25,1.4
cn,CN_R011,더춘장,낙지짬뽕탕,18000,경기도 안양시 만안구 안양동 674-81번지 4층,1.4
cn,CN_R011,더춘장,연유꽃빵,5000,경기도 안양시 만안구 안양동 674-81번지 4층,1.4
cn,CN_R011,더춘장,물만두튀김,6000,경기도 안양시 만안구 안양동 674-81번지 4층,1.4
cn,CN_R011,더춘장,탕짜면,8000,경기도 안양시 만안구 안양동 674-81번지 4층,1.4
cn,CN_R011,더춘장,탕짬면,8000,경기도 안양시 만안구 안양동 674-81번지 4층,1.4
cn,CN_R012,중화미식,라조기,22000,경기도 안양시 만안구 안양동 714-71,1.4
cn,CN_R012,중화미식,전가복,35000,경기도 안양시 만안구 안양동 714-71,1.4
cn,CN_R012,중화미식,중화냉면,8000,경기도 안양시 만안구 안양동 714-71,1.4
cn,CN_R012,중화미식,특면,8500,경기도 안양시 만안구 안양동 714-71,1.4
cn,CN_R012,중화미식,깐풍새우,22000,경기도 안양시 만안구 안양동 714-71,1.4
cn,CN_R013,홍콩반점 0410,짜장밥,6500,경기도 안양시 만안구 안양동 674-66,1.4
cn,CN_R013,홍콩반점 0410,짬뽕밥,6000,경기도 안양시 만안구 안양동 674-66,1.4
cn,CN_R013,홍콩반점 0410,해물육교자,5500,경기도 안양시 만안구 안양동 674-66,1.4
cn,CN_R013,홍콩반점 0410,홍콩꽃빵,2000,경기도 안양시 만안구 안양동 674-66,1.4
cn,CN_R013,홍콩반점 0410,볶음짬뽕,6500,경기도 안양시 만안구 안양동 674-66,1.4
we,WE_R001,그대만의 작은공간 비산점,샐러드,6900,경기 안양시 동안구 관악대로 103 지하 1층,1
we,WE_R001,그대만의 작은공간 비산점,크림 빠네 파스타,13900,경기 안양시 동안구 관악대로 103 지하 1층,1
we,WE_R001,그대만의 작은공간 비산점,쉬림프 크림파스타,10900,경기 안양시 동안구 관악대로 103 지하 1층,1
we,WE_R001,그대만의 작은공간 비산점,쉬림프 로제파스타,10900,경기 안양시 동안구 관악대로 103 지하 1층,1
we,WE_R001,그대만의 작은공간 비산점,씨푸드 크림 리조또,12900,경기 안양시 동안구 관악대로 103 지하 1층,1
we,WE_R001,그대만의 작은공간 비산점,블루베리 리코타치즈 피자,15900,경기 안양시 동안구 관악대로 103 지하 1층,1
we,WE_R001,그대만의 작은공간 비산점,레드 짬뽕 파스타,10900,경기 안양시 동안구 관악대로 103 지하 1층,1
we,WE_R001,그대만의 작은공간 비산점,알리오 올리오 파스타,8900,경기 안양시 동안구 관악대로 103 지하 1층,1
we,WE_R001,그대만의 작은공간 비산점,스테이크 피자,16900,경기 안양시 동안구 관악대로 103 지하 1층,1
we,WE_R002,로렌스308,까르보나라(크림파스타),8900,경기 안양시 만안구 장내로139번길 7,1.2
we,WE_R002,로렌스308,볼로네제(토마토파스타),8900,경기 안양시 만안구 장내로139번길 7,1.2
we,WE_R002,로렌스308,308 로제파스타,10900,경기 안양시 만안구 장내로139번길 7,1.2
we,WE_R002,로렌스308,투움바 파스타,11900,경기 안양시 만안구 장내로139번길 7,1.2
we,WE_R002,로렌스308,빼쉐(매콤해물파스타),12900,경기 안양시 만안구 장내로139번길 7,1.2
we,WE_R002,로렌스308,빠리 스테이크,25700,경기 안양시 만안구 장내로139번길 7,1.2
we,WE_R002,로렌스308,왕갈비 스테이크,28500,경기 안양시 만안구 장내로139번길 7,1.2
we,WE_R003,일프리모,불고기 바질 크림 파스타,15300,경기 안양시 만안구 안양로323번길 7 성진빌딩 1층,1.2
we,WE_R003,일프리모,우삼겹 마라 오일파스타,15300,경기 안양시 만안구 안양로323번길 7 성진빌딩 1층,1.2
we,WE_R003,일프리모,스테이크 머쉬룸 파케리 파스타,17300,경기 안양시 만안구 안양로323번길 7 성진빌딩 1층,1.2
we,WE_R003,일프리모,대왕갈비 리조또,30100,경기 안양시 만안구 안양로323번길 7 성진빌딩 1층,1.2
we,WE_R003,일프리모,가지 카다이프 튀김,10500,경기 안양시 만안구 안양로323번길 7 성진빌딩 1층,1.2
we,WE_R003,일프리모,치킨 카프레제 리조또,16100,경기 안양시 만안구 안양로323번길 7 성진빌딩 1층,1.2
we,WE_R003,일프리모,닭고기 먹물 리조또,16100,경기 안양시 만안구 안양로323번길 7 성진빌딩 1층,1.2
we,WE_R004,롤링파스타 안양1번가점,매운 크림 파스타,8500,경기 안양시 만안구 안양로304번길 25 2층,1.3
we,WE_R004,롤링파스타 안양1번가점,베이컨 크림리조또,8500,경기 안양시 만안구 안양로304번길 25 2층,1.3
we,WE_R004,롤링파스타 안양1번가점,게살 로제 크림 리조또,8500,경기 안양시 만안구 안양로304번길 25 2층,1.3
we,WE_R004,롤링파스타 안양1번가점,포크스테이크,15900,경기 안양시 만안구 안양로304번길 25 2층,1.3
we,WE_R004,롤링파스타 안양1번가점,봉골레 파스타,7900,경기 안양시 만안구 안양로304번길 25 2층,1.3
we,WE_R004,롤링파스타 안양1번가점,매운 우삼겹 오일파스타,7900,경기 안양시 만안구 안양로304번길 25 2층,1.3
we,WE_R004,롤링파스타 안양1번가점,마르게리따 피자,6800,경기 안양시 만안구 안양로304번길 25 2층,1.3
we,WE_R004,롤링파스타 안양1번가점,고르곤졸라 피자,7300,경기 안양시 만안구 안양로304번길 25 2층,1.3
we,WE_R005,스테이크의정석 안양일번가점,등심스테이크,9500,경기 안양시 만안구 장내로149번길 50 보림빌딩 2층,1.3
we,WE_R005,스테이크의정석 안양일번가점,부채살스테이크,11500,경기 안양시 만안구 장내로149번길 50 보림빌딩 2층,1.3
we,WE_R005,스테이크의정석 안양일번가점,토시살스테이크,14000,경기 안양시 만안구 장내로149번길 50 보림빌딩 2층,1.3
we,WE_R005,스테이크의정석 안양일번가점,살치살스테이크,15000,경기 안양시 만안구 장내로149번길 50 보림빌딩 2층,1.3
we,WE_R005,스테이크의정석 안양일번가점,찹스테이크,12000,경기 안양시 만안구 장내로149번길 50 보림빌딩 2층,1.3
we,WE_R005,스테이크의정석 안양일번가점,수제함박스테이크,9500,경기 안양시 만안구 장내로149번길 50 보림빌딩 2층,1.3
we,WE_R005,스테이크의정석 안양일번가점,토마호크,91000,경기 안양시 만안구 장내로149번길 50 보림빌딩 2층,1.3
we,WE_R005,스테이크의정석 안양일번가점,버팔로윙,9500,경기 안양시 만안구 장내로149번길 50 보림빌딩 2층,1.3
we,WE_R006,델리커리 안양엔터식스점,3색 카레,35000,경기 안양시 만안구 만안로 244 엔터식스 안양점 7층,1.1
we,WE_R006,델리커리 안양엔터식스점,커리 크림 리조또,15900,경기 안양시 만안구 만안로 244 엔터식스 안양점 7층,1.1
we,WE_R006,델리커리 안양엔터식스점,1984 돈까스카레,7900,경기 안양시 만안구 만안로 244 엔터식스 안양점 7층,1.1
we,WE_R006,델리커리 안양엔터식스점,루꼴라 코르마카레,11900,경기 안양시 만안구 만안로 244 엔터식스 안양점 7층,1.1
we,WE_R006,델리커리 안양엔터식스점,치킨스테이크 마크니카레,14900,경기 안양시 만안구 만안로 244 엔터식스 안양점 7층,1.1
we,WE_R006,델리커리 안양엔터식스점,스크램블 오믈렛,10900,경기 안양시 만안구 만안로 244 엔터식스 안양점 7층,1.1
we,WE_R006,델리커리 안양엔터식스점,크림소스 오믈렛,10900,경기 안양시 만안구 만안로 244 엔터식스 안양점 7층,1.1
we,WE_R006,델리커리 안양엔터식스점,보코치니 뽀모도로 파스타,11900,경기 안양시 만안구 만안로 244 엔터식스 안양점 7층,1.1
we,WE_R006,델리커리 안양엔터식스점,카레빠네,14900,경기 안양시 만안구 만안로 244 엔터식스 안양점 7층,1.1
we,WE_R006,델리커리 안양엔터식스점,리코타 치즈 난 샐러드,11900,경기 안양시 만안구 만안로 244 엔터식스 안양점 7층,1.1
we,WE_R007,에그홀릭 안양점,에그샌드,3900,경기 안양시 만안구 병목안로 20 스페이스타워 1층 106호,1.7
we,WE_R007,에그홀릭 안양점,햄치즈 그릴 샌드,4900,경기 안양시 만안구 병목안로 20 스페이스타워 1층 106호,1.7
we,WE_R007,에그홀릭 안양점,베이컨치즈 그릴 샌드,4900,경기 안양시 만안구 병목안로 20 스페이스타워 1층 106호,1.7
we,WE_R007,에그홀릭 안양점,함박치즈 그릴 샌드,5600,경기 안양시 만안구 병목안로 20 스페이스타워 1층 106호,1.7
we,WE_R007,에그홀릭 안양점,홀릭 핫도그,5200,경기 안양시 만안구 병목안로 20 스페이스타워 1층 106호,1.7
we,WE_R007,에그홀릭 안양점,토마토 미트볼 샌드,5700,경기 안양시 만안구 병목안로 20 스페이스타워 1층 106호,1.7
we,WE_R008,샐러디 안양역점,시저치킨 샐러드,7400,"경기 안양시 만안구 만안로 254 헤븐리치더퍼스트 294, 105호",1.3
we,WE_R008,샐러디 안양역점,탄단지 샐러드,9100,"경기 안양시 만안구 만안로 254 헤븐리치더퍼스트 294, 105호",1.3
we,WE_R008,샐러디 안양역점,콥 샐러드,8100,"경기 안양시 만안구 만안로 254 헤븐리치더퍼스트 294, 105호",1.3
we,WE_R008,샐러디 안양역점,연어 샐러드,10900,"경기 안양시 만안구 만안로 254 헤븐리치더퍼스트 294, 105호",1.3
we,WE_R008,샐러디 안양역점,우삼겹 웜볼(포케),9400,"경기 안양시 만안구 만안로 254 헤븐리치더퍼스트 294, 105호",1.3
we,WE_R008,샐러디 안양역점,바베큐치킨 웜볼(포케),9800,"경기 안양시 만안구 만안로 254 헤븐리치더퍼스트 294, 105호",1.3
we,WE_R008,샐러디 안양역점,할라피뇨치킨 웜볼(포케),9400,"경기 안양시 만안구 만안로 254 헤븐리치더퍼스트 294, 105호",1.3
we,WE_R008,샐러디 안양역점,칠리베이컨 웜랩 샌드위치,7600,"경기 안양시 만안구 만안로 254 헤븐리치더퍼스트 294, 105호",1.3
we,WE_R008,샐러디 안양역점,우삼겹 웜랩 샌드위치,8000,"경기 안양시 만안구 만안로 254 헤븐리치더퍼스트 294, 105호",1.3
we,WE_R008,샐러디 안양역점,할라피뇨 치킨 웜랩 샌드위치,7900,"경기 안양시 만안구 만안로 254 헤븐리치더퍼스트 294, 105호",1.3
